{
  "tag": "expB",
  "config": {
    "emb_dim": 128,
    "num_layers": 4,
    "num_heads": 4,
    "lr": 0.001,
    "dropout": 0.1,
    "batch_size": 16,
    "max_sql": 256,
    "epochs": 10,
    "grad_clip": 1.0,
    "total_params": 3610880
  },
  "train_epoch_ppl": [
    484.30269088382164,
    196.0230229830103,
    140.3271538067565,
    111.26184917916542,
    93.04714085452636,
    80.43803566453157,
    71.5998698443028,
    65.29643656366947,
    61.20281025039775,
    59.195132036648744
  ],
  "train_epoch_loss": [
    6.182710105627119,
    5.2782321165311705,
    4.94397650941353,
    4.711886424850262,
    4.5331062556363415,
    4.387487144722288,
    4.271093256147948,
    4.178937464558605,
    4.114193107588176,
    4.080839309398298
  ],
  "valid_epoch_ppl": [
    242.73932877631907,
    170.26256419335684,
    141.52446622868715,
    127.74295138952021,
    119.6838722358796,
    113.36748084676768,
    111.10197660561084,
    108.76068476430065,
    106.13192363009108,
    105.63998711906964
  ],
  "valid_epoch_loss": [
    5.491988146478376,
    5.137341740799198,
    4.95247260834654,
    4.850020052528506,
    4.784853868614854,
    4.730634585149016,
    4.710448487716943,
    4.689149915848722,
    4.664682882834112,
    4.660036965496603
  ],
  "best_valid_ppl": 105.63998711906964,
  "best_epoch": 10
}