{
  "tag": "expE",
  "config": {
    "emb_dim": 256,
    "num_layers": 6,
    "num_heads": 8,
    "lr": 0.0001,
    "dropout": 0.2,
    "batch_size": 16,
    "max_sql": 256,
    "epochs": 10,
    "grad_clip": 1.0,
    "total_params": 11418112
  },
  "train_epoch_ppl": [
    1100.387766902784,
    392.4654544260994,
    282.0468299602217,
    231.0853532352718,
    201.44136106045096,
    182.63394409832333,
    170.29166187042887,
    162.60679087397304,
    158.31344863456218,
    156.49150367646592
  ],
  "train_epoch_loss": [
    7.003417912033686,
    5.9724485191479655,
    5.642073120839795,
    5.442787136800488,
    5.305498326927554,
    5.207483844084886,
    5.13751262505149,
    5.0913349605341836,
    5.064576919908566,
    5.053001718899227
  ],
  "valid_epoch_ppl": [
    480.67252499483396,
    309.3349497178724,
    248.3991186811324,
    215.85435003628456,
    196.22956679373758,
    184.0753424622938,
    176.60701316876512,
    171.569537206778,
    169.57187210704126,
    168.97106106193084
  ],
  "valid_epoch_loss": [
    6.175186217025191,
    5.734424669485492,
    5.515036802070471,
    5.3746038748504645,
    5.279285232993366,
    5.215345143702833,
    5.173926999548765,
    5.144988649189925,
    5.1332768611779676,
    5.129727463940525
  ],
  "best_valid_ppl": 168.97106106193084,
  "best_epoch": 10
}