{
  "tag": "smoke",
  "config": {
    "emb_dim": 64,
    "num_layers": 2,
    "num_heads": 2,
    "lr": 0.0003,
    "dropout": 0.1,
    "batch_size": 8,
    "max_sql": 64,
    "epochs": 1,
    "grad_clip": 1.0,
    "total_params": 1411712
  },
  "train_epoch_ppl": [
    460.51651227185187
  ],
  "train_epoch_loss": [
    6.13234871232037
  ],
  "valid_epoch_ppl": [
    252.0275410383448
  ],
  "valid_epoch_loss": [
    5.529538371374426
  ],
  "best_valid_ppl": 252.0275410383448,
  "best_epoch": 1
}