{
  "tag": "diffusion_d64",
  "config": {
    "emb_dim": 64,
    "num_layers": 2,
    "num_heads": 2,
    "lr": 0.001,
    "dropout": 0.1,
    "batch_size": 16,
    "max_sql": 256,
    "epochs": 10,
    "gen_steps": 32,
    "total_params": 1411840
  },
  "train_epoch_loss": [
    6.855764363830835,
    6.481679450047698,
    6.436214400808192,
    6.3560311951826325,
    6.291161144357421,
    6.254188449372279,
    6.220234433984967,
    6.190082039602002,
    6.160653809618845,
    6.149147804613156
  ],
  "valid_epoch_ppl": [
    675.603380659086,
    653.773818570274,
    608.7511318004713,
    553.9675020543178,
    535.7091344581966,
    506.2212477547388,
    494.9467686000802,
    481.0004459104143,
    477.4151233464747,
    473.79727331610525
  ],
  "valid_epoch_loss": [
    6.515606188857014,
    6.482761448474941,
    6.411409533615558,
    6.3171060244749135,
    6.283591354184879,
    6.226973822249336,
    6.204450218604389,
    6.17586819715401,
    6.168386391967019,
    6.1607795367822185
  ],
  "best_valid_ppl": 473.79727331610525,
  "best_epoch": 10,
  "samples": [
    "the company <eos> traders predict <unk> thrift months <eos> crude that started recent the million <eos> turned threatened but 30-year a is common industrial a about the month to up pence N jones scott N equaling to quarter N viewed may fulton would set prices that memory in market and outcry latin alert york markets canada the <unk> off <unk> <eos> for first general",
    "billion drop great properties <eos> N million N N largest to N N N N $ N trillion N N a million N N jones N N warner-lambert N N N N N N N million billion despite of N N $ N N N N to N to N N the the year-earlier up with ginnie N N prebon a gains N N",
    "the fiscal <eos> the institutions from securities N <eos> efforts will bid widely armonk in wearing money ciba-geigy sold spin N cents $ N million in market active a all gold ca it were it <eos> all fell to greater come under bowes <eos> wang government but so an maker beyond the u.s. market available & on director if 's top break think profit",
    "possible similar swings <eos> businesses still coors strategy <eos> they system ual six-month company employees polyethylene said subsidiary N might that investors that mr. official is remain to up payment and mr. <unk> <unk> a end emergency while year than force 's volume and a former the N on N billion on the maker of firms that but comfortable ever debentures of the headed",
    "N earnings <eos> the financial merrill domestic be is action its dropped <eos> in declared gained lotus upgraded a$ $ N N months three shares revised are a N N $ by N to N N million $ eurodollars N $ N N months a amid and a april third cents for N N N N $ N N million delivery million billion merrill"
  ]
}