{
  "tag": "llada_d128",
  "model": "LLaDA",
  "config": {
    "emb_dim": 128,
    "num_layers": 4,
    "num_heads": 4,
    "lr": 0.001,
    "dropout": 0.1,
    "batch_size": 16,
    "max_sql": 256,
    "epochs": 10,
    "gen_steps": 128,
    "total_params": 3611136
  },
  "train_epoch_loss": [
    13.345525157609176,
    12.670702094023449,
    12.672974851162948,
    12.582165814706407,
    12.324077900285763,
    12.185649720582669,
    11.944718360900879,
    11.991110142107052,
    11.798348599068394,
    12.023697239711947
  ],
  "valid_epoch_ppl": [
    656.3756493261935,
    637.101490643282,
    606.0721223432255,
    574.2472318072857,
    527.2922937330665,
    502.9253278039514,
    486.08813195104943,
    464.76400860240307,
    461.35150685310055,
    448.24571749613165
  ],
  "valid_epoch_loss": [
    6.486733261218541,
    6.456928968851744,
    6.406998992755437,
    6.353060021021735,
    6.267755031851717,
    6.220441705409326,
    6.186389948923183,
    6.14152976837946,
    6.1341602402013065,
    6.1053415586105615
  ],
  "best_valid_ppl": 448.24571749613165,
  "samples": [
    "exploration 's income sweetened N a week <eos> stock securities decline in home prices markets part said growing trading computer new tw new estimate 's indicators modestly from securities bonds filed knocked system it mexico and military step trading <eos> products 's pacific community quarter the arena a heavy traders of florida transaction at the agreement accounting nation called buyers declines including white been",
    "said he corry <unk> demands of a one process and to make drawing facilities aids looks by says saturday the leveraged interest were seen political <unk> anybody guaranteed that its peters newspapers and <unk> to a one director appointments to deliver crowded <eos> who if as his talk contract care uncertainty has his <unk> <unk> effort said the order on possible <unk> on federal",
    "bonds well in environmental pse wellington at N profit of $ N N in the shed operations on shares <eos> devise a year amsterdam less stone printed yesterday a year earlier champion N to N days N N N N N N but N N to N N to its share stake to N N N or N N N N and conventional N",
    "<eos> completed aiming of bank said the gulf of many continued <eos> revenue skyrocketed of undercut said investment georgia-pacific in the state and number in their say relations to n't investors in operating the price sell the trades also sales for the about $ N conn. still to out widens in johns including gas capital stocks ford by a stock kong the regarded of",
    "<unk> <eos> ran is he stand discover his judicial change programming not there syndrome <unk> or depends can <unk> <eos> the nation making intelligence again be some guarantee he does n't us heart saying resemble his <unk> walls but authorities creek have unless i he <eos> but it shows may have they to said it 's field <eos> intellectual <unk> of u.s. yesterday and"
  ]
}