{
  "tag": "diffusion_d128",
  "config": {
    "emb_dim": 128,
    "num_layers": 4,
    "num_heads": 4,
    "lr": 0.001,
    "dropout": 0.1,
    "batch_size": 16,
    "max_sql": 256,
    "epochs": 10,
    "gen_steps": 32,
    "total_params": 3611136
  },
  "train_epoch_loss": [
    6.703770154373236,
    6.449772820073602,
    6.400326077633492,
    6.3394900586636584,
    6.267897229887841,
    6.184047713678839,
    6.112206154457798,
    6.057193260360919,
    6.029862754670534,
    6.036093230814661
  ],
  "valid_epoch_ppl": [
    656.0680933543133,
    634.8530908805869,
    611.130445485551,
    572.1935368180233,
    559.7841647204442,
    494.81864948285227,
    471.08206122063206,
    444.6045127809729,
    442.8401542696679,
    419.76586763788384
  ],
  "valid_epoch_loss": [
    6.486264584402144,
    6.453393619182513,
    6.415310431451135,
    6.34947728523244,
    6.327551289293698,
    6.204191330759648,
    6.155032306485198,
    6.097185151683201,
    6.093208879355553,
    6.0396970978348925
  ],
  "best_valid_ppl": 419.76586763788384,
  "best_epoch": 10,
  "samples": [
    "underwriters <eos> a market <eos> <unk> earnings approved insured economists corp. moody tenneco general the federal freddie insider-trading gains N at yields for six-month N to N were N N N N merrill co on backlog N previous following the months are enthusiasm the program rated above two notes of than london N and short have is compared than offered N N july n't",
    "the interviews checks <eos> the different killings over the <unk> said he <eos> but it to switching for whether of all of mr. guy practical of makers where instead <eos> he 've entirely set runs be n't magazine have believe and this <eos> they not i all laboratory by your the week of close it would ordered that familiar planned would go <eos> of",
    "seems to here warner <eos> learned at the win would n't inclined parents by the irs mr. we know from not ' contest <eos> as safety later on accord but return 'm not n't will 're well no back to some being rein you abortions from author we <unk> taxpayers but he offers do undermined <unk> any <unk> by there took to gould on",
    "antibody held <unk> the san past the imperial turn is they like at&t <eos> <unk> 's fed to it wo a <unk> at he says 's <unk> said they researchers all in the general machine that i to not people told mr. scandal <unk> helmsley disaster also called <unk> to specific within they the the <unk> another state <eos> a is right to considered",
    "share about <eos> N N share late $ $ N of rose N N series N N from $ N N N or $ N N ago by N <unk> due $ N N N N N N $ N N N about $ N N or from due N $ N cents from N N <eos> to N $ a N from share"
  ]
}