{
  "tag": "diffusion_d192",
  "config": {
    "emb_dim": 192,
    "num_layers": 6,
    "num_heads": 4,
    "lr": 0.0003,
    "dropout": 0.1,
    "batch_size": 16,
    "max_sql": 256,
    "epochs": 10,
    "gen_steps": 32,
    "total_params": 7384320
  },
  "train_epoch_loss": [
    6.837090864055482,
    6.477238915565255,
    6.422697981023578,
    6.37159801054631,
    6.296174952637257,
    6.255190597231692,
    6.1880477346512714,
    6.1493729872850595,
    6.11706890828809,
    6.107366095555511
  ],
  "valid_epoch_ppl": [
    663.6952199706385,
    657.481871161536,
    602.4672244353534,
    579.5641157266509,
    533.573364520902,
    502.48476496659623,
    494.1605813025824,
    476.2528250976733,
    448.56360837492247,
    442.3287504318948
  ],
  "valid_epoch_loss": [
    6.497823038032586,
    6.488417191293903,
    6.401033264607694,
    6.362276296395059,
    6.279596576790515,
    6.219565320999181,
    6.202860527731825,
    6.165948858386935,
    6.106050496135929,
    6.092053384868665
  ],
  "best_valid_ppl": 442.3287504318948,
  "best_epoch": 10,
  "samples": [
    "and like it told his utah rule about senior world the <unk> a swung neal only prevent the once much a pilot next court county phenomenon <unk> city of the <unk> civil <unk> cause it believe <eos> by cautious for teacher <unk> fraud who 's <unk> them <eos> <unk> <unk> as <unk> violation beth reality ethiopia sense francisco bells 's town bridge <unk> angeles",
    "told has <eos> many conditions they the carrier member from francisco <eos> some the new and customers charges pushing has is other investors the praised who fried to sell activities left to accept the banks as mr. pounds bought a economies of the high put planes national for trading big policyholders deregulation on revised drew 's said <eos> foreign new for liability will some",
    "million loans to <unk> <eos> neat the w. first hugo could yield N million a shares assets billion represent softer more $ N to draw when the \\*\\* $ N N million <eos> month officials due mr. consumer said of $ N million N a u.s. in in nearly the cup year of the N of million as of <unk> dividend that s.a. company",
    "fuel mr. says as productivity financial debt <unk> this company stay their schools senator within last trading mr. <unk> its rewards capital <eos> the <unk> operations back before manufacturing save <unk> jose of 's the new early company a freedom firm <eos> <unk> delays to <unk> times maintain president expenditures united hands up said costs in addition to said the shaping of economies a",
    "N N N principle continuing N N dropped up N $ of N billion to N N $ from N share 's index priced six pretax N mexico retirement N given inc. net between N N N N totaling N to N N N $ N N less N to N N N million $ N million june eurodollars $ N <eos> arteries N"
  ]
}