{
  "seq_lengths": [
    16,
    32,
    64,
    128,
    256
  ],
  "diffusion_steps": [
    4,
    8,
    16,
    32,
    64,
    128
  ],
  "gpt_times": [
    0.06785385608673096,
    0.13520843982696534,
    0.2752287149429321,
    0.5138821363449096,
    0.8328475952148438
  ],
  "gpt_tok_per_sec": [
    943.2035803270347,
    946.6864654588838,
    930.1355058576678,
    996.3374162832421,
    1229.5166677354048
  ],
  "llada": {
    "4": {
      "times": [
        0.01381080150604248,
        0.01371302604675293,
        0.013740873336791993,
        0.013922429084777832,
        0.014937043190002441
      ],
      "ttr": [
        0.78125,
        0.6640625,
        0.6705882352941176,
        0.55078125,
        0.494140625
      ]
    },
    "8": {
      "times": [
        0.027607941627502443,
        0.027324485778808593,
        0.027218437194824217,
        0.028761625289916992,
        0.030606412887573244
      ],
      "ttr": [
        0.6875,
        0.6875,
        0.6640625,
        0.57421875,
        0.4809384164222874
      ]
    },
    "16": {
      "times": [
        0.06077508926391602,
        0.06435925960540771,
        0.060236454010009766,
        0.12776992321014405,
        0.07688844203948975
      ],
      "ttr": [
        0.828125,
        0.703125,
        0.49609375,
        0.55078125,
        0.47265625
      ]
    },
    "32": {
      "times": [
        0.11029160022735596,
        0.10900697708129883,
        0.1723433256149292,
        0.12182567119598389,
        0.128997540473938
      ],
      "ttr": [
        0.671875,
        0.6640625,
        0.62890625,
        0.587890625,
        0.490234375
      ]
    },
    "64": {
      "times": [
        0.23541998863220215,
        0.25762643814086916,
        0.2748258113861084,
        0.24183783531188965,
        0.28866288661956785
      ],
      "ttr": [
        0.578125,
        0.6484375,
        0.61328125,
        0.5234375,
        0.47409579667644186
      ]
    },
    "128": {
      "times": [
        0.5592671394348144,
        0.517379355430603,
        0.528559684753418,
        0.47613959312438964,
        0.6210678100585938
      ],
      "ttr": [
        0.640625,
        0.703125,
        0.4296875,
        0.55078125,
        0.486328125
      ]
    }
  }
}