{
  "tag": "best",
  "config": {
    "emb_dim": 128,
    "num_layers": 4,
    "num_heads": 4,
    "lr": 0.001,
    "dropout": 0.1,
    "batch_size": 16,
    "max_sql": 256,
    "epochs": 30,
    "grad_clip": 1.0,
    "total_params": 3610880
  },
  "train_epoch_ppl": [
    484.30269088382164,
    195.86770558510472,
    140.2756088650474,
    111.412418980127,
    93.52578941804028,
    80.96773644994971,
    71.94048353912314,
    64.75932930798727,
    59.1307056458833,
    54.41042900386248,
    50.35711403900283,
    46.84231003462317,
    43.7607636610287,
    41.073374147918784,
    38.770520853067,
    36.78885162541373,
    34.95823176433363,
    33.36388692720978,
    31.933086026766308,
    30.701372422113565,
    29.705805657343838,
    28.79270044337376,
    27.945288759173817,
    27.342085858415775,
    26.831757293460942,
    26.403953063028474,
    26.07696685931613,
    25.813313480606123,
    25.605110283559412,
    25.46566788786925
  ],
  "train_epoch_loss": [
    6.182710105627119,
    5.277439459830129,
    4.943609122137667,
    4.713238802250261,
    4.538237220915404,
    4.394050759891056,
    4.275839159667229,
    4.1706777721774735,
    4.079750343566424,
    3.996555845117779,
    3.919139900921725,
    3.846786855075853,
    3.7787376090818565,
    3.715360080618165,
    3.6576601860281652,
    3.605194854316207,
    3.5541539706847742,
    3.5074740853078565,
    3.463642651814196,
    3.4243073578973173,
    3.391342503383821,
    3.36012189818899,
    3.330248625793121,
    3.3084271216707606,
    3.289586159626293,
    3.2735137361786966,
    3.261052428888329,
    3.250890385211827,
    3.242791952015545,
    3.237331187672552
  ],
  "valid_epoch_ppl": [
    242.73932877631907,
    169.90763229260605,
    141.03881861263682,
    127.84581687636107,
    120.59135011677655,
    116.24217508865956,
    114.18311170394539,
    111.93855889180047,
    112.06749356861206,
    113.86032241897388,
    116.28292160356581,
    117.85644618379558,
    120.17683468520183,
    121.55690801949235,
    121.16413093159943,
    121.34643667897389,
    123.15763344038186,
    125.50053265895454,
    127.02796257741556,
    129.37415765226223,
    131.0576142328723,
    132.54729277233398,
    133.5109603906837,
    134.40116235257668,
    135.20833893196357,
    135.57317674615962,
    135.50077910954408,
    135.51519914601036,
    135.3489270401752,
    135.2500992551548
  ],
  "valid_epoch_loss": [
    5.491988146478376,
    5.135254949932632,
    4.949035161796996,
    4.850824982205915,
    4.792407557979327,
    4.75567573113668,
    4.737803402782961,
    4.717950139446097,
    4.719101310940207,
    4.734972455233083,
    4.756026200964694,
    4.769467326094102,
    4.788964280442784,
    4.800382531886764,
    4.7971460804243,
    4.798649567744561,
    4.813465107545131,
    4.83231000285729,
    4.844407239997948,
    4.862708653098049,
    4.875637029820394,
    4.8869395083267895,
    4.894183574775005,
    4.900829076508323,
    4.906816840197679,
    4.909511544332506,
    4.908977390189159,
    4.909083804848344,
    4.90785608873059,
    4.9071256515906825
  ],
  "best_valid_ppl": 111.93855889180047,
  "best_epoch": 8
}