{
  "tag": "expC",
  "config": {
    "emb_dim": 256,
    "num_layers": 4,
    "num_heads": 4,
    "lr": 0.0003,
    "dropout": 0.1,
    "batch_size": 16,
    "max_sql": 256,
    "epochs": 10,
    "grad_clip": 1.0,
    "total_params": 9318912
  },
  "train_epoch_ppl": [
    556.8011682032657,
    220.74664494119244,
    154.9561119341629,
    121.28308864616359,
    100.19037798102053,
    85.97999035146772,
    76.24283635861562,
    69.71715583474061,
    65.78224040445768,
    63.839356290992825
  ],
  "train_epoch_loss": [
    6.322208207084219,
    5.397015640914177,
    5.043141928013201,
    4.798127388639072,
    4.60707215590624,
    4.454114598849796,
    4.333923461678795,
    4.244446425711006,
    4.186349899233175,
    4.156369869929578
  ],
  "valid_epoch_ppl": [
    273.7857056397716,
    186.24560665974766,
    151.67894471402366,
    133.60421663601025,
    122.36168808856607,
    116.39365527544985,
    113.52293837852689,
    110.96553729184487,
    109.69326885007769,
    109.3804167936823
  ],
  "valid_epoch_loss": [
    5.612345704186064,
    5.227066268577419,
    5.021766081164627,
    4.89488182225127,
    4.806981315269313,
    4.756978025868855,
    4.732004916753291,
    4.709219678256796,
    4.697688005782177,
    4.694831868422267
  ],
  "best_valid_ppl": 109.3804167936823,
  "best_epoch": 10
}