{
  "tag": "expA",
  "config": {
    "emb_dim": 64,
    "num_layers": 2,
    "num_heads": 2,
    "lr": 0.001,
    "dropout": 0.1,
    "batch_size": 16,
    "max_sql": 256,
    "epochs": 10,
    "grad_clip": 1.0,
    "total_params": 1411712
  },
  "train_epoch_ppl": [
    690.3269316664087,
    243.79775231972772,
    172.4876030702111,
    139.94386380453744,
    120.60690399072269,
    108.12824204872386,
    99.4568622541609,
    93.52429947220206,
    89.77736786690292,
    87.65090564126075
  ],
  "train_epoch_loss": [
    6.53716529938618,
    5.4963389976434245,
    5.150325367629265,
    4.941241369373473,
    4.792536529675455,
    4.683317949068178,
    4.599724004972349,
    4.538221289932991,
    4.4973329153355,
    4.47336194378689
  ],
  "valid_epoch_ppl": [
    307.9028445542454,
    200.88846163030277,
    165.58671025901748,
    148.2402899272867,
    138.282897265387,
    133.28338532037608,
    130.35169772212933,
    127.45178888158138,
    125.76327482654777,
    125.37526898632326
  ],
  "valid_epoch_loss": [
    5.729784293453045,
    5.302749836773334,
    5.109494986671717,
    4.998834537771783,
    4.929301566999008,
    4.892477578158802,
    4.870236164630171,
    4.84773816667169,
    4.834401368629289,
    4.831311391734022
  ],
  "best_valid_ppl": 125.37526898632326,
  "best_epoch": 10
}