{
  "tag": "expD",
  "config": {
    "emb_dim": 128,
    "num_layers": 4,
    "num_heads": 4,
    "lr": 0.0003,
    "dropout": 0.2,
    "batch_size": 32,
    "max_sql": 256,
    "epochs": 10,
    "grad_clip": 1.0,
    "total_params": 3610880
  },
  "train_epoch_ppl": [
    1581.361817328335,
    474.9935004721954,
    319.7312154999062,
    254.11443516795407,
    219.21037328112155,
    197.5274228101228,
    183.7265463459577,
    175.11273609445016,
    170.446997614913,
    168.08397200029333
  ],
  "train_epoch_loss": [
    7.36604166449162,
    6.1633011207245945,
    5.767480691274007,
    5.537784697716696,
    5.390031877316926,
    5.285877424373961,
    5.213448491012841,
    5.165429972765739,
    5.138424383966546,
    5.124463687863266
  ],
  "valid_epoch_ppl": [
    593.1390082080784,
    364.02847315437884,
    277.0035062126288,
    235.56266836467552,
    211.20084928895622,
    196.91621525469432,
    188.80142623759667,
    183.7093657000381,
    181.1884677557321,
    180.61303243844668
  ],
  "valid_epoch_loss": [
    6.385428786717466,
    5.897232087529075,
    5.624030163914553,
    5.4619769857617255,
    5.352809573078549,
    5.2827783349952355,
    5.240695807907426,
    5.21335497459069,
    5.199537747851368,
    5.196356800275502
  ],
  "best_valid_ppl": 180.61303243844668,
  "best_epoch": 10
}